{"_class":"page","do_objectID":"11816142-B861-43C2-8CE0-1FEBA707C22F","booleanOperation":-1,"isFixedToViewport":false,"isFlippedHorizontal":false,"isFlippedVertical":false,"isLocked":false,"isVisible":true,"layerListExpandedType":0,"name":"Symbols","nameIsFixed":false,"resizingConstraint":63,"resizingType":0,"rotation":0,"shouldBreakMaskChain":false,"exportOptions":{"_class":"exportOptions","includedLayerIds":[],"layerOptions":0,"shouldTrim":false,"exportFormats":[]},"frame":{"_class":"rect","constrainProportions":false,"height":0,"width":0,"x":0,"y":0},"clippingMaskMode":0,"hasClippingMask":false,"style":{"_class":"style","do_objectID":"0CD0542A-44D3-4EE6-98C1-58449C1AF643","endMarkerType":0,"miterLimit":10,"startMarkerType":0,"windingRule":1,"blur":{"_class":"blur","isEnabled":false,"center":"{0.5, 0.5}","motionAngle":0,"radius":10,"saturation":1,"type":0},"borderOptions":{"_class":"borderOptions","isEnabled":true,"dashPattern":[],"lineCapStyle":0,"lineJoinStyle":0},"borders":[],"colorControls":{"_class":"colorControls","isEnabled":false,"brightness":0,"contrast":1,"hue":0,"saturation":1},"contextSettings":{"_class":"graphicsContextSettings","blendMode":0,"opacity":1},"fills":[],"innerShadows":[],"shadows":[]},"hasClickThrough":true,"groupLayout":{"_class":"MSImmutableFreeformGroupLayout"},"layers":[{"_class":"symbolMaster","do_objectID":"4431713F-9FB7-47A7-8B72-7B273E076D23","booleanOperation":-1,"isFixedToViewport":false,"isFlippedHorizontal":false,"isFlippedVertical":false,"isLocked":false,"isVisible":true,"layerListExpandedType":0,"name":"Cards","nameIsFixed":false,"resizingConstraint":63,"resizingType":0,"rotation":0,"shouldBreakMaskChain":true,"exportOptions":{"_class":"exportOptions","includedLayerIds":[],"layerOptions":0,"shouldTrim":false,"exportFormats":[]},"frame":{"_class":"rect","constrainProportions":false,"height":223,"width":357,"x":100,"y":0},"clippingMaskMode":0,"hasClippingMask":false,"style":{"_class":"style","do_objectID":"BD08B0C3-1E02-403A-A7CF-1B157B044F4B","endMarkerType":0,"miterLimit":10,"startMarkerType":0,"windingRule":1,"blur":{"_class":"blur","isEnabled":false,"center":"{0.5, 0.5}","motionAngle":0,"radius":10,"saturation":1,"type":0},"borderOptions":{"_class":"borderOptions","isEnabled":true,"dashPattern":[],"lineCapStyle":0,"lineJoinStyle":0},"borders":[],"colorControls":{"_class":"colorControls","isEnabled":false,"brightness":0,"contrast":1,"hue":0,"saturation":1},"contextSettings":{"_class":"graphicsContextSettings","blendMode":0,"opacity":1},"fills":[],"innerShadows":[],"shadows":[]},"hasClickThrough":true,"groupLayout":{"_class":"MSImmutableFreeformGroupLayout"},"layers":[{"_class":"rectangle","do_objectID":"B009F8AE-3F77-4CC1-981A-057CBFAE1A3A","booleanOperation":-1,"isFixedToViewport":false,"isFlippedHorizontal":false,"isFlippedVertical":false,"isLocked":false,"isVisible":true,"layerListExpandedType":0,"name":"Rectangle","nameIsFixed":false,"resizingConstraint":63,"resizingType":0,"rotation":0,"shouldBreakMaskChain":false,"userInfo":{"datasupplier.key":"unsplash_dataprovider_SearchPhoto","unsplash":{"unsplash.search.term":"\"healthy food\"","unsplash.photo.id":"\"o-7npbt9xSw\""}},"exportOptions":{"_class":"exportOptions","includedLayerIds":[],"layerOptions":0,"shouldTrim":false,"exportFormats":[]},"frame":{"_class":"rect","constrainProportions":false,"height":223,"width":357,"x":0,"y":0},"clippingMaskMode":0,"hasClippingMask":false,"style":{"_class":"style","do_objectID":"5C9D896D-44AE-4337-99FE-0515095B81B0","endMarkerType":0,"miterLimit":10,"startMarkerType":0,"windingRule":1,"blur":{"_class":"blur","isEnabled":false,"center":"{0.5, 0.5}","motionAngle":0,"radius":10,"saturation":1,"type":0},"borderOptions":{"_class":"borderOptions","isEnabled":true,"dashPattern":[],"lineCapStyle":0,"lineJoinStyle":0},"borders":[{"_class":"border","isEnabled":false,"fillType":0,"color":{"_class":"color","alpha":1,"blue":0.592,"green":0.592,"red":0.592},"contextSettings":{"_class":"graphicsContextSettings","blendMode":0,"opacity":1},"gradient":{"_class":"gradient","elipseLength":0,"from":"{0.5, 0}","gradientType":0,"to":"{0.5, 1}","stops":[{"_class":"gradientStop","position":0,"color":{"_class":"color","alpha":1,"blue":1,"green":1,"red":1}},{"_class":"gradientStop","position":1,"color":{"_class":"color","alpha":1,"blue":0,"green":0,"red":0}}]},"position":1,"thickness":1}],"colorControls":{"_class":"colorControls","isEnabled":false,"brightness":0,"contrast":1,"hue":0,"saturation":1},"contextSettings":{"_class":"graphicsContextSettings","blendMode":0,"opacity":1},"fills":[{"_class":"fill","isEnabled":true,"fillType":4,"color":{"_class":"color","alpha":1,"blue":1,"green":1,"red":1},"contextSettings":{"_class":"graphicsContextSettings","blendMode":0,"opacity":1},"gradient":{"_class":"gradient","elipseLength":0,"from":"{0.5, 0}","gradientType":0,"to":"{0.5, 1}","stops":[{"_class":"gradientStop","position":0,"color":{"_class":"color","alpha":1,"blue":1,"green":1,"red":1}},{"_class":"gradientStop","position":1,"color":{"_class":"color","alpha":1,"blue":0,"green":0,"red":0}}]},"image":{"_class":"MSJSONFileReference","_ref_class":"MSImageData","_ref":"images\/360efe55ea8e326a205c5b3332bec5e7c0f1036a.png"},"noiseIndex":0,"noiseIntensity":0,"patternFillType":1,"patternTileScale":1}],"innerShadows":[],"shadows":[{"_class":"shadow","isEnabled":true,"blurRadius":8,"offsetX":0,"offsetY":2,"spread":0,"color":{"_class":"color","alpha":0.5,"blue":0.4723855647993577,"green":0.4723855647993577,"red":0.5057178442028986},"contextSettings":{"_class":"graphicsContextSettings","blendMode":0,"opacity":1}}]},"edited":false,"isClosed":true,"pointRadiusBehaviour":1,"points":[{"_class":"curvePoint","cornerRadius":8,"curveFrom":"{0, 0}","curveMode":1,"curveTo":"{0, 0}","hasCurveFrom":false,"hasCurveTo":false,"point":"{0, 0}"},{"_class":"curvePoint","cornerRadius":8,"curveFrom":"{1, 0}","curveMode":1,"curveTo":"{1, 0}","hasCurveFrom":false,"hasCurveTo":false,"point":"{1, 0}"},{"_class":"curvePoint","cornerRadius":8,"curveFrom":"{1, 1}","curveMode":1,"curveTo":"{1, 1}","hasCurveFrom":false,"hasCurveTo":false,"point":"{1, 1}"},{"_class":"curvePoint","cornerRadius":8,"curveFrom":"{0, 1}","curveMode":1,"curveTo":"{0, 1}","hasCurveFrom":false,"hasCurveTo":false,"point":"{0, 1}"}],"fixedRadius":8,"needsConvertionToNewRoundCorners":false,"hasConvertedToNewRoundCorners":true},{"_class":"text","do_objectID":"61787023-AE7E-421E-ACAD-EE25393FD1E3","booleanOperation":-1,"isFixedToViewport":false,"isFlippedHorizontal":false,"isFlippedVertical":false,"isLocked":false,"isVisible":true,"layerListExpandedType":0,"name":"Your Recommended","nameIsFixed":false,"resizingConstraint":47,"resizingType":0,"rotation":0,"shouldBreakMaskChain":false,"userInfo":{"com.animaapp.stc-sketch-plugin":{"kModelPropertiesKey":{"isAutoWidth":1}}},"exportOptions":{"_class":"exportOptions","includedLayerIds":[],"layerOptions":0,"shouldTrim":false,"exportFormats":[]},"frame":{"_class":"rect","constrainProportions":false,"height":25,"width":177,"x":14,"y":14},"clippingMaskMode":0,"hasClippingMask":false,"style":{"_class":"style","do_objectID":"B088C81A-2938-4B73-9063-025E7EC40C93","endMarkerType":0,"miterLimit":10,"startMarkerType":0,"windingRule":1,"blur":{"_class":"blur","isEnabled":false,"center":"{0.5, 0.5}","motionAngle":0,"radius":10,"saturation":1,"type":0},"borderOptions":{"_class":"borderOptions","isEnabled":true,"dashPattern":[],"lineCapStyle":0,"lineJoinStyle":0},"borders":[],"colorControls":{"_class":"colorControls","isEnabled":false,"brightness":0,"contrast":1,"hue":0,"saturation":1},"contextSettings":{"_class":"graphicsContextSettings","blendMode":0,"opacity":1},"fills":[],"innerShadows":[],"shadows":[],"textStyle":{"_class":"textStyle","encodedAttributes":{"MSAttributedStringFontAttribute":{"_class":"fontDescriptor","attributes":{"name":"AvenirNext-Bold","size":18}},"MSAttributedStringColorAttribute":{"_class":"color","alpha":1,"blue":1,"green":1,"red":1},"textStyleVerticalAlignmentKey":0,"paragraphStyle":{"_class":"paragraphStyle"}},"verticalAlignment":0}},"attributedString":{"_class":"attributedString","string":"Your Recommended","attributes":[{"_class":"stringAttribute","location":0,"length":16,"attributes":{"MSAttributedStringFontAttribute":{"_class":"fontDescriptor","attributes":{"name":"AvenirNext-Bold","size":18}},"MSAttributedStringColorAttribute":{"_class":"color","alpha":1,"blue":1,"green":1,"red":1},"textStyleVerticalAlignmentKey":0,"paragraphStyle":{"_class":"paragraphStyle"}}}]},"automaticallyDrawOnUnderlyingPath":false,"dontSynchroniseWithSymbol":false,"glyphBounds":"{{-1, 4}, {177, 15}}","lineSpacingBehaviour":2,"textBehaviour":0}],"hasBackgroundColor":false,"includeBackgroundColorInExport":true,"includeInCloudUpload":true,"isFlowHome":false,"presetDictionary":{},"resizesContent":false,"backgroundColor":{"_class":"color","alpha":1,"blue":1,"green":1,"red":1},"horizontalRulerData":{"_class":"rulerData","base":0,"guides":[]},"verticalRulerData":{"_class":"rulerData","base":0,"guides":[]},"includeBackgroundColorInInstance":false,"symbolID":"1BA1FB07-1C93-4F2E-A8DD-AF24784AD7E5","changeIdentifier":3,"overrideProperties":[],"allowsOverrides":true},{"_class":"symbolMaster","do_objectID":"ED9DBEE1-5B31-4208-BAF2-0A486772E86F","booleanOperation":-1,"isFixedToViewport":false,"isFlippedHorizontal":false,"isFlippedVertical":false,"isLocked":false,"isVisible":true,"layerListExpandedType":0,"name":"Recipe Card","nameIsFixed":false,"resizingConstraint":63,"resizingType":0,"rotation":0,"shouldBreakMaskChain":true,"exportOptions":{"_class":"exportOptions","includedLayerIds":[],"layerOptions":0,"shouldTrim":false,"exportFormats":[]},"frame":{"_class":"rect","constrainProportions":false,"height":223,"width":357,"x":100,"y":323},"clippingMaskMode":0,"hasClippingMask":false,"style":{"_class":"style","do_objectID":"3D8D4829-07EC-4A3A-8ECC-B64FFE62B54F","endMarkerType":0,"miterLimit":10,"startMarkerType":0,"windingRule":1,"blur":{"_class":"blur","isEnabled":false,"center":"{0.5, 0.5}","motionAngle":0,"radius":10,"saturation":1,"type":0},"borderOptions":{"_class":"borderOptions","isEnabled":true,"dashPattern":[],"lineCapStyle":0,"lineJoinStyle":0},"borders":[],"colorControls":{"_class":"colorControls","isEnabled":false,"brightness":0,"contrast":1,"hue":0,"saturation":1},"contextSettings":{"_class":"graphicsContextSettings","blendMode":0,"opacity":1},"fills":[],"innerShadows":[],"shadows":[]},"hasClickThrough":false,"groupLayout":{"_class":"MSImmutableFreeformGroupLayout"},"layers":[{"_class":"group","do_objectID":"CE1989FF-27A5-48FA-8F78-04499B720CAF","booleanOperation":-1,"isFixedToViewport":false,"isFlippedHorizontal":false,"isFlippedVertical":false,"isLocked":false,"isVisible":true,"layerListExpandedType":0,"name":"Group","nameIsFixed":false,"resizingConstraint":63,"resizingType":0,"rotation":0,"shouldBreakMaskChain":false,"exportOptions":{"_class":"exportOptions","includedLayerIds":[],"layerOptions":0,"shouldTrim":false,"exportFormats":[]},"frame":{"_class":"rect","constrainProportions":false,"height":223,"width":357,"x":0,"y":0},"clippingMaskMode":0,"hasClippingMask":false,"style":{"_class":"style","do_objectID":"3AE12AC6-055D-455B-A796-357E71E175C0","endMarkerType":0,"miterLimit":10,"startMarkerType":0,"windingRule":1,"blur":{"_class":"blur","isEnabled":false,"center":"{0.5, 0.5}","motionAngle":0,"radius":10,"saturation":1,"type":0},"borderOptions":{"_class":"borderOptions","isEnabled":true,"dashPattern":[],"lineCapStyle":0,"lineJoinStyle":0},"borders":[],"colorControls":{"_class":"colorControls","isEnabled":false,"brightness":0,"contrast":1,"hue":0,"saturation":1},"contextSettings":{"_class":"graphicsContextSettings","blendMode":0,"opacity":1},"fills":[],"innerShadows":[],"shadows":[]},"hasClickThrough":false,"groupLayout":{"_class":"MSImmutableFreeformGroupLayout"},"layers":[{"_class":"symbolInstance","do_objectID":"B9272F25-EEC6-4D77-A0AA-46E6B107578B","booleanOperation":-1,"isFixedToViewport":false,"isFlippedHorizontal":false,"isFlippedVertical":false,"isLocked":false,"isVisible":true,"layerListExpandedType":0,"name":"Cards","nameIsFixed":false,"resizingConstraint":63,"resizingType":0,"rotation":0,"shouldBreakMaskChain":false,"exportOptions":{"_class":"exportOptions","includedLayerIds":[],"layerOptions":0,"shouldTrim":false,"exportFormats":[]},"frame":{"_class":"rect","constrainProportions":false,"height":223,"width":357,"x":0,"y":0},"clippingMaskMode":0,"hasClippingMask":false,"style":{"_class":"style","do_objectID":"FAE736DB-B839-4933-95D7-89A6B0778ACE","endMarkerType":0,"miterLimit":10,"startMarkerType":0,"windingRule":1,"blur":{"_class":"blur","isEnabled":false,"center":"{0.5, 0.5}","motionAngle":0,"radius":10,"saturation":1,"type":0},"borderOptions":{"_class":"borderOptions","isEnabled":true,"dashPattern":[],"lineCapStyle":0,"lineJoinStyle":0},"borders":[],"colorControls":{"_class":"colorControls","isEnabled":false,"brightness":0,"contrast":1,"hue":0,"saturation":1},"contextSettings":{"_class":"graphicsContextSettings","blendMode":0,"opacity":1},"fills":[],"innerShadows":[],"shadows":[]},"horizontalSpacing":0,"scale":1,"symbolID":"1BA1FB07-1C93-4F2E-A8DD-AF24784AD7E5","verticalSpacing":0,"overrideValues":[]},{"_class":"symbolInstance","do_objectID":"0FF213AE-8302-44DE-8A86-8AF4DB3707E7","booleanOperation":-1,"isFixedToViewport":false,"isFlippedHorizontal":false,"isFlippedVertical":false,"isLocked":false,"isVisible":true,"layerListExpandedType":0,"name":"Icons \/ Share","nameIsFixed":false,"resizingConstraint":63,"resizingType":0,"rotation":0,"shouldBreakMaskChain":false,"exportOptions":{"_class":"exportOptions","includedLayerIds":[],"layerOptions":0,"shouldTrim":false,"exportFormats":[]},"frame":{"_class":"rect","constrainProportions":false,"height":28,"width":28,"x":310,"y":186},"clippingMaskMode":0,"hasClippingMask":false,"style":{"_class":"style","do_objectID":"26719154-9746-4FFA-A759-8903554467EB","endMarkerType":0,"miterLimit":10,"startMarkerType":0,"windingRule":1,"blur":{"_class":"blur","isEnabled":false,"center":"{0.5, 0.5}","motionAngle":0,"radius":10,"saturation":1,"type":0},"borderOptions":{"_class":"borderOptions","isEnabled":true,"dashPattern":[],"lineCapStyle":0,"lineJoinStyle":0},"borders":[],"colorControls":{"_class":"colorControls","isEnabled":false,"brightness":0,"contrast":1,"hue":0,"saturation":1},"contextSettings":{"_class":"graphicsContextSettings","blendMode":0,"opacity":1},"fills":[],"innerShadows":[],"shadows":[{"_class":"shadow","isEnabled":true,"blurRadius":4,"offsetX":0,"offsetY":2,"spread":0,"color":{"_class":"color","alpha":0.5,"blue":0,"green":0,"red":0},"contextSettings":{"_class":"graphicsContextSettings","blendMode":0,"opacity":1}}]},"horizontalSpacing":0,"scale":1,"symbolID":"CA4E903E-A5CE-45B6-979B-BC3ECC9B4B0B","verticalSpacing":0,"overrideValues":[{"_class":"overrideValue","overrideName":"2BE1C6E1-39B0-444B-BC36-4AE4AB0F08FF_symbolID","value":"96FF3F67-1D22-4BCE-B529-0E6D601D211B"}]},{"_class":"symbolInstance","do_objectID":"81791BDF-FC31-47A5-B0E2-F9FD71457F8B","booleanOperation":-1,"isFixedToViewport":false,"isFlippedHorizontal":false,"isFlippedVertical":false,"isLocked":false,"isVisible":true,"layerListExpandedType":0,"name":"Icons \/ Heart","nameIsFixed":false,"resizingConstraint":63,"resizingType":0,"rotation":0,"shouldBreakMaskChain":false,"exportOptions":{"_class":"exportOptions","includedLayerIds":[],"layerOptions":0,"shouldTrim":false,"exportFormats":[]},"frame":{"_class":"rect","constrainProportions":false,"height":28,"width":28,"x":274,"y":186},"clippingMaskMode":0,"hasClippingMask":false,"style":{"_class":"style","do_objectID":"9795603E-9BBE-4DD3-BCF9-81ED2540C119","endMarkerType":0,"miterLimit":10,"startMarkerType":0,"windingRule":1,"blur":{"_class":"blur","isEnabled":false,"center":"{0.5, 0.5}","motionAngle":0,"radius":10,"saturation":1,"type":0},"borderOptions":{"_class":"borderOptions","isEnabled":true,"dashPattern":[],"lineCapStyle":0,"lineJoinStyle":0},"borders":[],"colorControls":{"_class":"colorControls","isEnabled":false,"brightness":0,"contrast":1,"hue":0,"saturation":1},"contextSettings":{"_class":"graphicsContextSettings","blendMode":0,"opacity":1},"fills":[],"innerShadows":[],"shadows":[{"_class":"shadow","isEnabled":true,"blurRadius":4,"offsetX":0,"offsetY":2,"spread":0,"color":{"_class":"color","alpha":0.5,"blue":0,"green":0,"red":0},"contextSettings":{"_class":"graphicsContextSettings","blendMode":0,"opacity":1}}]},"horizontalSpacing":0,"scale":1,"symbolID":"DC86A182-AD48-4E91-A175-B5F3E682284C","verticalSpacing":0,"overrideValues":[{"_class":"overrideValue","overrideName":"53606B8B-52B0-481D-B5C2-092EA5B234B1_symbolID","value":"96FF3F67-1D22-4BCE-B529-0E6D601D211B"}]}]}],"hasBackgroundColor":false,"includeBackgroundColorInExport":true,"includeInCloudUpload":true,"isFlowHome":false,"presetDictionary":{},"resizesContent":false,"backgroundColor":{"_class":"color","alpha":1,"blue":1,"green":1,"red":1},"horizontalRulerData":{"_class":"rulerData","base":0,"guides":[]},"verticalRulerData":{"_class":"rulerData","base":0,"guides":[]},"includeBackgroundColorInInstance":false,"symbolID":"8343D634-D40A-4AD1-B2FF-E148549163E5","changeIdentifier":4,"overrideProperties":[{"_class":"MSImmutableOverrideProperty","canOverride":true,"overrideName":"B9272F25-EEC6-4D77-A0AA-46E6B107578B_symbolID"},{"_class":"MSImmutableOverrideProperty","canOverride":true,"overrideName":"0FF213AE-8302-44DE-8A86-8AF4DB3707E7_symbolID"},{"_class":"MSImmutableOverrideProperty","canOverride":true,"overrideName":"81791BDF-FC31-47A5-B0E2-F9FD71457F8B_symbolID"}],"allowsOverrides":true},{"_class":"symbolMaster","do_objectID":"F1D6A555-5F1C-4CAD-8478-EB2140F1FB1B","booleanOperation":0,"isFixedToViewport":false,"isFlippedHorizontal":false,"isFlippedVertical":false,"isLocked":false,"isVisible":true,"layerListExpandedType":1,"name":"arrow-left","nameIsFixed":false,"resizingConstraint":63,"resizingType":0,"rotation":0,"shouldBreakMaskChain":true,"exportOptions":{"_class":"exportOptions","includedLayerIds":[],"layerOptions":0,"shouldTrim":false,"exportFormats":[{"_class":"exportFormat","absoluteSize":0,"fileFormat":"svg","name":"","namingScheme":0,"scale":1,"visibleScaleType":0},{"_class":"exportFormat","absoluteSize":0,"fileFormat":"png","name":"@2x","namingScheme":0,"scale":2,"visibleScaleType":0}]},"frame":{"_class":"rect","constrainProportions":false,"height":24,"width":24,"x":557,"y":0},"clippingMaskMode":0,"hasClippingMask":false,"style":{"_class":"style","do_objectID":"DCAE0460-9217-4BF4-83FD-BE10AE40DF7A","endMarkerType":0,"miterLimit":10,"startMarkerType":0,"windingRule":1,"blur":{"_class":"blur","isEnabled":false,"center":"{0.5, 0.5}","motionAngle":0,"radius":10,"saturation":1,"type":0},"borderOptions":{"_class":"borderOptions","isEnabled":true,"dashPattern":[],"lineCapStyle":0,"lineJoinStyle":0},"borders":[],"colorControls":{"_class":"colorControls","isEnabled":false,"brightness":0,"contrast":1,"hue":0,"saturation":1},"contextSettings":{"_class":"graphicsContextSettings","blendMode":0,"opacity":1},"fills":[],"innerShadows":[],"shadows":[]},"hasClickThrough":true,"groupLayout":{"_class":"MSImmutableFreeformGroupLayout"},"layers":[{"_class":"shapeGroup","do_objectID":"5AAB3F54-3035-470C-AE3B-ADC6CBB0A1BC","booleanOperation":0,"isFixedToViewport":false,"isFlippedHorizontal":false,"isFlippedVertical":false,"isLocked":false,"isVisible":true,"layerListExpandedType":0,"name":"Combined Shape","nameIsFixed":false,"resizingConstraint":63,"resizingType":0,"rotation":0,"shouldBreakMaskChain":false,"exportOptions":{"_class":"exportOptions","includedLayerIds":[],"layerOptions":0,"shouldTrim":false,"exportFormats":[]},"frame":{"_class":"rect","constrainProportions":false,"height":14,"width":18,"x":3,"y":5},"clippingMaskMode":0,"hasClippingMask":true,"style":{"_class":"style","do_objectID":"D885B87A-0820-406F-95B2-392F6973C543","endMarkerType":0,"miterLimit":10,"startMarkerType":0,"windingRule":0,"blur":{"_class":"blur","isEnabled":false,"center":"{0.5, 0.5}","motionAngle":0,"radius":10,"saturation":1,"type":0},"borderOptions":{"_class":"borderOptions","isEnabled":true,"dashPattern":[],"lineCapStyle":0,"lineJoinStyle":0},"borders":[],"colorControls":{"_class":"colorControls","isEnabled":false,"brightness":0,"contrast":1,"hue":0,"saturation":1},"contextSettings":{"_class":"graphicsContextSettings","blendMode":0,"opacity":1},"fills":[{"_class":"fill","isEnabled":true,"fillType":0,"color":{"_class":"color","alpha":1,"blue":0,"green":0,"red":0},"contextSettings":{"_class":"graphicsContextSettings","blendMode":0,"opacity":1},"gradient":{"_class":"gradient","elipseLength":0,"from":"{0.5, 0}","gradientType":0,"to":"{0.5, 1}","stops":[{"_class":"gradientStop","position":0,"color":{"_class":"color","alpha":1,"blue":1,"green":1,"red":1}},{"_class":"gradientStop","position":1,"color":{"_class":"color","alpha":1,"blue":0,"green":0,"red":0}}]},"noiseIndex":0,"noiseIntensity":0,"patternFillType":1,"patternTileScale":1}],"innerShadows":[],"shadows":[]},"hasClickThrough":false,"groupLayout":{"_class":"MSImmutableFreeformGroupLayout"},"layers":[{"_class":"shapePath","do_objectID":"C07C5032-543D-492D-BD31-212EA62BA68A","booleanOperation":0,"isFixedToViewport":false,"isFlippedHorizontal":false,"isFlippedVertical":false,"isLocked":false,"isVisible":true,"layerListExpandedType":0,"name":"Shape","nameIsFixed":false,"resizingConstraint":63,"resizingType":0,"rotation":0,"shouldBreakMaskChain":false,"exportOptions":{"_class":"exportOptions","includedLayerIds":[],"layerOptions":0,"shouldTrim":false,"exportFormats":[]},"frame":{"_class":"rect","constrainProportions":false,"height":2,"width":18,"x":0,"y":6},"clippingMaskMode":0,"hasClippingMask":false,"style":{"_class":"style","do_objectID":"9196BE24-EF90-4A1F-B819-F96CB04B87C2","endMarkerType":0,"miterLimit":10,"startMarkerType":0,"windingRule":0,"blur":{"_class":"blur","isEnabled":false,"center":"{0.5, 0.5}","motionAngle":0,"radius":10,"saturation":1,"type":0},"borderOptions":{"_class":"borderOptions","isEnabled":true,"dashPattern":[],"lineCapStyle":0,"lineJoinStyle":0},"borders":[],"colorControls":{"_class":"colorControls","isEnabled":false,"brightness":0,"contrast":1,"hue":0,"saturation":1},"contextSettings":{"_class":"graphicsContextSettings","blendMode":0,"opacity":1},"fills":[{"_class":"fill","isEnabled":true,"fillType":0,"color":{"_class":"color","alpha":1,"blue":0,"green":0,"red":0},"contextSettings":{"_class":"graphicsContextSettings","blendMode":0,"opacity":1},"gradient":{"_class":"gradient","elipseLength":0,"from":"{0.5, 0}","gradientType":0,"to":"{0.5, 1}","stops":[{"_class":"gradientStop","position":0,"color":{"_class":"color","alpha":1,"blue":1,"green":1,"red":1}},{"_class":"gradientStop","position":1,"color":{"_class":"color","alpha":1,"blue":0,"green":0,"red":0}}]},"noiseIndex":0,"noiseIntensity":0,"patternFillType":1,"patternTileScale":1}],"innerShadows":[],"shadows":[]},"edited":true,"isClosed":true,"pointRadiusBehaviour":1,"points":[{"_class":"curvePoint","cornerRadius":0,"curveFrom":"{0.94444444444444442, 0}","curveMode":4,"curveTo":"{0.97512693054615518, 0}","hasCurveFrom":false,"hasCurveTo":true,"point":"{0.94444444444444442, 0}"},{"_class":"curvePoint","cornerRadius":0,"curveFrom":"{0.02487306945384482, 0}","curveMode":4,"curveTo":"{0.055555555555555552, 0}","hasCurveFrom":true,"hasCurveTo":false,"point":"{0.055555555555555552, 0}"},{"_class":"curvePoint","cornerRadius":0,"curveFrom":"{0, 0.77614237491539662}","curveMode":2,"curveTo":"{0, 0.22385762508460338}","hasCurveFrom":true,"hasCurveTo":true,"point":"{0, 0.5}"},{"_class":"curvePoint","cornerRadius":0,"curveFrom":"{0.055555555555555552, 1}","curveMode":4,"curveTo":"{0.02487306945384482, 1}","hasCurveFrom":false,"hasCurveTo":true,"point":"{0.055555555555555552, 1}"},{"_class":"curvePoint","cornerRadius":0,"curveFrom":"{0.97512693054615518, 1}","curveMode":4,"curveTo":"{0.94444444444444442, 1}","hasCurveFrom":true,"hasCurveTo":false,"point":"{0.94444444444444442, 1}"},{"_class":"curvePoint","cornerRadius":0,"curveFrom":"{1, 0.22385762508460338}","curveMode":2,"curveTo":"{1, 0.77614237491539662}","hasCurveFrom":true,"hasCurveTo":true,"point":"{1, 0.5}"}]},{"_class":"shapePath","do_objectID":"29B60B83-4A9C-4558-8446-BB723ACA52D2","booleanOperation":0,"isFixedToViewport":false,"isFlippedHorizontal":false,"isFlippedVertical":false,"isLocked":false,"isVisible":true,"layerListExpandedType":0,"name":"Shape","nameIsFixed":false,"resizingConstraint":63,"resizingType":0,"rotation":0,"shouldBreakMaskChain":false,"exportOptions":{"_class":"exportOptions","includedLayerIds":[],"layerOptions":0,"shouldTrim":false,"exportFormats":[]},"frame":{"_class":"rect","constrainProportions":false,"height":14,"width":8,"x":1.110223024625157e-16,"y":0},"clippingMaskMode":0,"hasClippingMask":false,"style":{"_class":"style","do_objectID":"19AA6463-DE9E-4532-8C53-EDFBC083C118","endMarkerType":0,"miterLimit":10,"startMarkerType":0,"windingRule":0,"blur":{"_class":"blur","isEnabled":false,"center":"{0.5, 0.5}","motionAngle":0,"radius":10,"saturation":1,"type":0},"borderOptions":{"_class":"borderOptions","isEnabled":true,"dashPattern":[],"lineCapStyle":0,"lineJoinStyle":0},"borders":[],"colorControls":{"_class":"colorControls","isEnabled":false,"brightness":0,"contrast":1,"hue":0,"saturation":1},"contextSettings":{"_class":"graphicsContextSettings","blendMode":0,"opacity":1},"fills":[{"_class":"fill","isEnabled":true,"fillType":0,"color":{"_class":"color","alpha":1,"blue":0,"green":0,"red":0},"contextSettings":{"_class":"graphicsContextSettings","blendMode":0,"opacity":1},"gradient":{"_class":"gradient","elipseLength":0,"from":"{0.5, 0}","gradientType":0,"to":"{0.5, 1}","stops":[{"_class":"gradientStop","position":0,"color":{"_class":"color","alpha":1,"blue":1,"green":1,"red":1}},{"_class":"gradientStop","position":1,"color":{"_class":"color","alpha":1,"blue":0,"green":0,"red":0}}]},"noiseIndex":0,"noiseIntensity":0,"patternFillType":1,"patternTileScale":1}],"innerShadows":[],"shadows":[]},"edited":true,"isClosed":true,"pointRadiusBehaviour":1,"points":[{"_class":"curvePoint","cornerRadius":0,"curveFrom":"{1.0122038841172272, 0.094041606388234167}","curveMode":4,"curveTo":"{0.96338834764831849, 0.12193619865618206}","hasCurveFrom":true,"hasCurveTo":false,"point":"{0.96338834764831849, 0.12193619865618206}"},{"_class":"curvePoint","cornerRadius":0,"curveFrom":"{0.91457281117940981, -0.0069736480669869714}","curveMode":2,"curveTo":"{1.0122038841172272, 0.0488155364689088}","hasCurveFrom":true,"hasCurveTo":true,"point":"{0.96338834764831849, 0.020920944200960915}"},{"_class":"curvePoint","cornerRadius":0,"curveFrom":"{0.78661165235168151, 0.020920944200960915}","curveMode":4,"curveTo":"{0.83542718882059019, -0.0069736480669869714}","hasCurveFrom":false,"hasCurveTo":true,"point":"{0.78661165235168151, 0.020920944200960915}"},{"_class":"curvePoint","cornerRadius":0,"curveFrom":"{-0.012203884117227184, 0.4773869650403374}","curveMode":4,"curveTo":"{0.036611652351681553, 0.44949237277238957}","hasCurveFrom":true,"hasCurveTo":false,"point":"{0.036611652351681553, 0.44949237277238957}"},{"_class":"curvePoint","cornerRadius":0,"curveFrom":"{0.036611652351681553, 0.55050762722761071}","curveMode":4,"curveTo":"{-0.012203884117227184, 0.52261303495966283}","hasCurveFrom":false,"hasCurveTo":true,"point":"{0.036611652351681553, 0.55050762722761071}"},{"_class":"curvePoint","cornerRadius":0,"curveFrom":"{0.83542718882059019, 1.0069736480669869}","curveMode":4,"curveTo":"{0.78661165235168151, 0.97907905579903909}","hasCurveFrom":true,"hasCurveTo":false,"point":"{0.78661165235168151, 0.97907905579903909}"},{"_class":"curvePoint","cornerRadius":0,"curveFrom":"{1.0122038841172272, 0.95118446353109132}","curveMode":2,"curveTo":"{0.91457281117940981, 1.0069736480669869}","hasCurveFrom":true,"hasCurveTo":true,"point":"{0.96338834764831849, 0.97907905579903909}"},{"_class":"curvePoint","cornerRadius":0,"curveFrom":"{0.96338834764831849, 0.87806380134381823}","curveMode":4,"curveTo":"{1.0122038841172272, 0.90595839361176611}","hasCurveFrom":false,"hasCurveTo":true,"point":"{0.96338834764831849, 0.87806380134381823}"},{"_class":"curvePoint","cornerRadius":0,"curveFrom":"{0.3017766952966372, 0.50000000000000033}","curveMode":1,"curveTo":"{0.3017766952966372, 0.50000000000000033}","hasCurveFrom":false,"hasCurveTo":false,"point":"{0.3017766952966372, 0.50000000000000033}"}]}],"windingRule":0},{"_class":"symbolInstance","do_objectID":"034467B6-C453-4527-8E8E-86AD8E7BC176","booleanOperation":0,"isFixedToViewport":false,"isFlippedHorizontal":false,"isFlippedVertical":false,"isLocked":false,"isVisible":true,"layerListExpandedType":0,"name":"COLOR\/ black","nameIsFixed":false,"resizingConstraint":63,"resizingType":0,"rotation":0,"shouldBreakMaskChain":false,"exportOptions":{"_class":"exportOptions","includedLayerIds":[],"layerOptions":0,"shouldTrim":false,"exportFormats":[]},"frame":{"_class":"rect","constrainProportions":false,"height":24,"width":24,"x":0,"y":0},"clippingMaskMode":0,"hasClippingMask":false,"style":{"_class":"style","do_objectID":"344744AC-E60B-403A-ADFF-5FF911D5905E","endMarkerType":0,"miterLimit":10,"startMarkerType":0,"windingRule":1,"blur":{"_class":"blur","isEnabled":false,"center":"{0.5, 0.5}","motionAngle":0,"radius":10,"saturation":1,"type":0},"borderOptions":{"_class":"borderOptions","isEnabled":true,"dashPattern":[],"lineCapStyle":0,"lineJoinStyle":0},"borders":[],"colorControls":{"_class":"colorControls","isEnabled":false,"brightness":0,"contrast":1,"hue":0,"saturation":1},"contextSettings":{"_class":"graphicsContextSettings","blendMode":0,"opacity":1},"fills":[],"innerShadows":[],"shadows":[]},"horizontalSpacing":0,"scale":1,"symbolID":"B47B5E72-CD9E-4F2F-BAB1-5B16B50E95BD","verticalSpacing":0,"overrideValues":[]}],"hasBackgroundColor":false,"includeBackgroundColorInExport":true,"includeInCloudUpload":true,"isFlowHome":false,"presetDictionary":{},"resizesContent":false,"backgroundColor":{"_class":"color","alpha":1,"blue":1,"green":1,"red":1},"horizontalRulerData":{"_class":"rulerData","base":0,"guides":[]},"verticalRulerData":{"_class":"rulerData","base":0,"guides":[]},"includeBackgroundColorInInstance":false,"symbolID":"D089CEF4-B3A0-47F1-B7DF-6B41FBB9F97E","changeIdentifier":40,"overrideProperties":[{"_class":"MSImmutableOverrideProperty","canOverride":true,"overrideName":"034467B6-C453-4527-8E8E-86AD8E7BC176_symbolID"}],"allowsOverrides":true},{"_class":"symbolMaster","do_objectID":"169E5B1D-4170-4218-A6D4-51597D31FB23","booleanOperation":0,"isFixedToViewport":false,"isFlippedHorizontal":false,"isFlippedVertical":false,"isLocked":false,"isVisible":true,"layerListExpandedType":0,"name":"COLOR\/ black","nameIsFixed":false,"resizingConstraint":63,"resizingType":0,"rotation":0,"shouldBreakMaskChain":true,"exportOptions":{"_class":"exportOptions","includedLayerIds":[],"layerOptions":0,"shouldTrim":false,"exportFormats":[]},"frame":{"_class":"rect","constrainProportions":false,"height":32,"width":32,"x":681,"y":0},"clippingMaskMode":0,"hasClippingMask":false,"style":{"_class":"style","do_objectID":"0C9974E0-5259-4C43-8821-E0EA4AA956AE","endMarkerType":0,"miterLimit":10,"startMarkerType":0,"windingRule":1,"blur":{"_class":"blur","isEnabled":false,"center":"{0.5, 0.5}","motionAngle":0,"radius":10,"saturation":1,"type":0},"borderOptions":{"_class":"borderOptions","isEnabled":true,"dashPattern":[],"lineCapStyle":0,"lineJoinStyle":0},"borders":[],"colorControls":{"_class":"colorControls","isEnabled":false,"brightness":0,"contrast":1,"hue":0,"saturation":1},"contextSettings":{"_class":"graphicsContextSettings","blendMode":0,"opacity":1},"fills":[],"innerShadows":[],"shadows":[]},"hasClickThrough":true,"groupLayout":{"_class":"MSImmutableFreeformGroupLayout"},"layers":[{"_class":"rectangle","do_objectID":"A0D46F50-275D-44AE-A2AC-7DFD2C7CEB65","booleanOperation":-1,"isFixedToViewport":false,"isFlippedHorizontal":false,"isFlippedVertical":false,"isLocked":false,"isVisible":true,"layerListExpandedType":1,"name":"Rectangle","nameIsFixed":false,"resizingConstraint":63,"resizingType":0,"rotation":0,"shouldBreakMaskChain":false,"exportOptions":{"_class":"exportOptions","includedLayerIds":[],"layerOptions":0,"shouldTrim":false,"exportFormats":[]},"frame":{"_class":"rect","constrainProportions":true,"height":32,"width":32,"x":0,"y":0},"clippingMaskMode":0,"hasClippingMask":false,"style":{"_class":"style","do_objectID":"2475EC89-9861-4532-92F5-2947831CB73C","endMarkerType":0,"miterLimit":10,"startMarkerType":0,"windingRule":1,"blur":{"_class":"blur","isEnabled":false,"center":"{0.5, 0.5}","motionAngle":0,"radius":10,"saturation":1,"type":0},"borderOptions":{"_class":"borderOptions","isEnabled":true,"dashPattern":[],"lineCapStyle":0,"lineJoinStyle":0},"borders":[{"_class":"border","isEnabled":false,"fillType":0,"color":{"_class":"color","alpha":1,"blue":0.592,"green":0.592,"red":0.592},"contextSettings":{"_class":"graphicsContextSettings","blendMode":0,"opacity":1},"gradient":{"_class":"gradient","elipseLength":0,"from":"{0.5, 0}","gradientType":0,"to":"{0.5, 1}","stops":[{"_class":"gradientStop","position":0,"color":{"_class":"color","alpha":1,"blue":1,"green":1,"red":1}},{"_class":"gradientStop","position":1,"color":{"_class":"color","alpha":1,"blue":0,"green":0,"red":0}}]},"position":1,"thickness":1}],"colorControls":{"_class":"colorControls","isEnabled":false,"brightness":0,"contrast":1,"hue":0,"saturation":1},"contextSettings":{"_class":"graphicsContextSettings","blendMode":0,"opacity":1},"fills":[{"_class":"fill","isEnabled":true,"fillType":0,"color":{"_class":"color","alpha":1,"blue":0,"green":0,"red":0},"contextSettings":{"_class":"graphicsContextSettings","blendMode":0,"opacity":1},"gradient":{"_class":"gradient","elipseLength":0,"from":"{0.5, 0}","gradientType":0,"to":"{0.5, 1}","stops":[{"_class":"gradientStop","position":0,"color":{"_class":"color","alpha":1,"blue":1,"green":1,"red":1}},{"_class":"gradientStop","position":1,"color":{"_class":"color","alpha":1,"blue":0,"green":0,"red":0}}]},"noiseIndex":0,"noiseIntensity":0,"patternFillType":0,"patternTileScale":1}],"innerShadows":[],"shadows":[]},"edited":false,"isClosed":true,"pointRadiusBehaviour":1,"points":[{"_class":"curvePoint","cornerRadius":0,"curveFrom":"{0, 0}","curveMode":1,"curveTo":"{0, 0}","hasCurveFrom":false,"hasCurveTo":false,"point":"{0, 0}"},{"_class":"curvePoint","cornerRadius":0,"curveFrom":"{1, 0}","curveMode":1,"curveTo":"{1, 0}","hasCurveFrom":false,"hasCurveTo":false,"point":"{1, 0}"},{"_class":"curvePoint","cornerRadius":0,"curveFrom":"{1, 1}","curveMode":1,"curveTo":"{1, 1}","hasCurveFrom":false,"hasCurveTo":false,"point":"{1, 1}"},{"_class":"curvePoint","cornerRadius":0,"curveFrom":"{0, 1}","curveMode":1,"curveTo":"{0, 1}","hasCurveFrom":false,"hasCurveTo":false,"point":"{0, 1}"}],"fixedRadius":0,"needsConvertionToNewRoundCorners":false,"hasConvertedToNewRoundCorners":true}],"hasBackgroundColor":false,"includeBackgroundColorInExport":true,"includeInCloudUpload":true,"isFlowHome":false,"presetDictionary":{},"resizesContent":false,"backgroundColor":{"_class":"color","alpha":1,"blue":1,"green":1,"red":1},"horizontalRulerData":{"_class":"rulerData","base":0,"guides":[]},"verticalRulerData":{"_class":"rulerData","base":0,"guides":[]},"includeBackgroundColorInInstance":false,"symbolID":"B47B5E72-CD9E-4F2F-BAB1-5B16B50E95BD","changeIdentifier":9,"overrideProperties":[],"allowsOverrides":true},{"_class":"symbolMaster","do_objectID":"BA844654-0C0A-4420-93C9-6E9D1ED8017D","booleanOperation":0,"isFixedToViewport":false,"isFlippedHorizontal":false,"isFlippedVertical":false,"isLocked":false,"isVisible":true,"layerListExpandedType":0,"name":"Overrides\/Navigation Bar\/Left\/Back","nameIsFixed":true,"resizingConstraint":63,"resizingType":0,"rotation":0,"shouldBreakMaskChain":true,"exportOptions":{"_class":"exportOptions","includedLayerIds":[],"layerOptions":0,"shouldTrim":false,"exportFormats":[]},"frame":{"_class":"rect","constrainProportions":false,"height":44,"width":128,"x":787,"y":68},"clippingMaskMode":0,"hasClippingMask":false,"style":{"_class":"style","do_objectID":"0A533942-8522-4245-9535-C9E721CF82E3","endMarkerType":0,"miterLimit":10,"startMarkerType":0,"windingRule":1,"blur":{"_class":"blur","isEnabled":false,"center":"{0.5, 0.5}","motionAngle":0,"radius":10,"saturation":1,"type":0},"borderOptions":{"_class":"borderOptions","isEnabled":true,"dashPattern":[],"lineCapStyle":0,"lineJoinStyle":0},"borders":[],"colorControls":{"_class":"colorControls","isEnabled":false,"brightness":0,"contrast":1,"hue":0,"saturation":1},"contextSettings":{"_class":"graphicsContextSettings","blendMode":0,"opacity":1},"fills":[{"_class":"fill","isEnabled":true,"fillType":0,"color":{"_class":"color","alpha":1,"blue":1,"green":1,"red":1},"contextSettings":{"_class":"graphicsContextSettings","blendMode":0,"opacity":1},"gradient":{"_class":"gradient","elipseLength":0,"from":"{0.5, 0}","gradientType":0,"to":"{0.5, 1}","stops":[{"_class":"gradientStop","position":0,"color":{"_class":"color","alpha":1,"blue":1,"green":1,"red":1}},{"_class":"gradientStop","position":1,"color":{"_class":"color","alpha":1,"blue":0,"green":0,"red":0}}]},"noiseIndex":0,"noiseIntensity":0,"patternFillType":1,"patternTileScale":1}],"innerShadows":[],"shadows":[]},"hasClickThrough":false,"groupLayout":{"_class":"MSImmutableFreeformGroupLayout"},"layers":[{"_class":"text","do_objectID":"202377D1-7579-400C-8E67-C3D529D2DEFB","booleanOperation":0,"isFixedToViewport":false,"isFlippedHorizontal":false,"isFlippedVertical":false,"isLocked":false,"isVisible":true,"layerListExpandedType":0,"name":"Back","nameIsFixed":true,"originalObjectID":"E4BAA223-5D3E-4137-BE6A-31E9F4C6A86E","resizingConstraint":43,"resizingType":0,"rotation":0,"shouldBreakMaskChain":false,"userInfo":{"com.animaapp.stc-sketch-plugin":{"kModelPropertiesKey":{"isAutoWidth":1}}},"exportOptions":{"_class":"exportOptions","includedLayerIds":[],"layerOptions":0,"shouldTrim":false,"exportFormats":[]},"frame":{"_class":"rect","constrainProportions":false,"height":20,"width":38,"x":26,"y":12},"clippingMaskMode":0,"hasClippingMask":false,"style":{"_class":"style","do_objectID":"392E1B0E-9C61-4E7D-A845-81DAA541D276","endMarkerType":0,"miterLimit":10,"startMarkerType":0,"windingRule":1,"blur":{"_class":"blur","isEnabled":false,"center":"{0.5, 0.5}","motionAngle":0,"radius":10,"saturation":1,"type":0},"borderOptions":{"_class":"borderOptions","isEnabled":true,"dashPattern":[],"lineCapStyle":0,"lineJoinStyle":0},"borders":[],"colorControls":{"_class":"colorControls","isEnabled":false,"brightness":0,"contrast":1,"hue":0,"saturation":1},"contextSettings":{"_class":"graphicsContextSettings","blendMode":0,"opacity":1},"fills":[],"innerShadows":[],"shadows":[],"textStyle":{"_class":"textStyle","encodedAttributes":{"MSAttributedStringFontAttribute":{"_class":"fontDescriptor","attributes":{"name":"SFProText-Regular","size":17}},"kerning":-0.4099999964237213,"MSAttributedStringColorAttribute":{"_class":"color","alpha":1,"blue":1,"green":1,"red":1},"paragraphStyle":{"_class":"paragraphStyle","allowsDefaultTighteningForTruncation":0}},"verticalAlignment":0}},"attributedString":{"_class":"attributedString","string":"Back","attributes":[{"_class":"stringAttribute","location":0,"length":4,"attributes":{"MSAttributedStringFontAttribute":{"_class":"fontDescriptor","attributes":{"name":"SFProText-Regular","size":17}},"MSAttributedStringColorAttribute":{"_class":"color","alpha":1,"blue":1,"green":1,"red":1},"paragraphStyle":{"_class":"paragraphStyle","allowsDefaultTighteningForTruncation":0},"kerning":-0.4099999964237213}}]},"automaticallyDrawOnUnderlyingPath":false,"dontSynchroniseWithSymbol":true,"glyphBounds":"{{1, 3}, {37, 14}}","lineSpacingBehaviour":0,"textBehaviour":0},{"_class":"shapePath","do_objectID":"FB61C197-8D6B-4D52-A41D-86C1F5DA73D2","booleanOperation":-1,"isFixedToViewport":false,"isFlippedHorizontal":false,"isFlippedVertical":false,"isLocked":false,"isVisible":true,"layerListExpandedType":0,"name":"Arrow","nameIsFixed":true,"resizingConstraint":41,"resizingType":0,"rotation":0,"shouldBreakMaskChain":false,"exportOptions":{"_class":"exportOptions","includedLayerIds":[],"layerOptions":0,"shouldTrim":false,"exportFormats":[]},"frame":{"_class":"rect","constrainProportions":false,"height":21,"width":12,"x":9,"y":11.5},"clippingMaskMode":0,"hasClippingMask":false,"sharedStyleID":"FBDB775E-A6B2-4D7F-A418-84EC1DFDB9CB","style":{"_class":"style","do_objectID":"4A4FB0E6-2B09-4042-BA99-5915E8FDD6EC","endMarkerType":0,"miterLimit":10,"startMarkerType":0,"windingRule":0,"blur":{"_class":"blur","isEnabled":false,"center":"{0.5, 0.5}","motionAngle":0,"radius":10,"saturation":1,"type":0},"borderOptions":{"_class":"borderOptions","isEnabled":true,"dashPattern":[],"lineCapStyle":0,"lineJoinStyle":0},"borders":[],"colorControls":{"_class":"colorControls","isEnabled":false,"brightness":0,"contrast":1,"hue":0,"saturation":1},"contextSettings":{"_class":"graphicsContextSettings","blendMode":0,"opacity":1},"fills":[{"_class":"fill","isEnabled":true,"fillType":0,"color":{"_class":"color","alpha":1,"blue":1,"green":1,"red":1},"contextSettings":{"_class":"graphicsContextSettings","blendMode":0,"opacity":1},"gradient":{"_class":"gradient","elipseLength":0,"from":"{0.5, 0}","gradientType":0,"to":"{0.5, 1}","stops":[{"_class":"gradientStop","position":0,"color":{"_class":"color","alpha":1,"blue":1,"green":1,"red":1}},{"_class":"gradientStop","position":1,"color":{"_class":"color","alpha":1,"blue":0,"green":0,"red":0}}]},"noiseIndex":0,"noiseIntensity":0,"patternFillType":1,"patternTileScale":1}],"innerShadows":[],"shadows":[]},"edited":true,"isClosed":true,"pointRadiusBehaviour":1,"points":[{"_class":"curvePoint","cornerRadius":0,"curveFrom":"{0.30177669529663692, 0.5}","curveMode":1,"curveTo":"{0.30177669529663692, 0.5}","hasCurveFrom":false,"hasCurveTo":false,"point":"{0.30177669529663692, 0.5}"},{"_class":"curvePoint","cornerRadius":0,"curveFrom":"{1.0122038841172272, 0.094041606388234084}","curveMode":4,"curveTo":"{0.96338834764831838, 0.12193619865618195}","hasCurveFrom":true,"hasCurveTo":false,"point":"{0.96338834764831838, 0.12193619865618195}"},{"_class":"curvePoint","cornerRadius":0,"curveFrom":"{0.91457281117940969, -0.0069736480669869653}","curveMode":2,"curveTo":"{1.0122038841172272, 0.048815536468908745}","hasCurveFrom":true,"hasCurveTo":true,"point":"{0.96338834764831838, 0.020920944200960891}"},{"_class":"curvePoint","cornerRadius":0,"curveFrom":"{0.78661165235168162, 0.020920944200960891}","curveMode":4,"curveTo":"{0.83542718882059031, -0.0069736480669869653}","hasCurveFrom":false,"hasCurveTo":true,"point":"{0.78661165235168162, 0.020920944200960891}"},{"_class":"curvePoint","cornerRadius":0,"curveFrom":"{-0.012203884117227193, 0.47738696504033729}","curveMode":4,"curveTo":"{0.036611652351681581, 0.44949237277238946}","hasCurveFrom":true,"hasCurveTo":false,"point":"{0.036611652351681581, 0.44949237277238946}"},{"_class":"curvePoint","cornerRadius":0,"curveFrom":"{0.036611652351681581, 0.55050762722761049}","curveMode":4,"curveTo":"{-0.012203884117227193, 0.52261303495966271}","hasCurveFrom":false,"hasCurveTo":true,"point":"{0.036611652351681581, 0.55050762722761049}"},{"_class":"curvePoint","cornerRadius":0,"curveFrom":"{0.83542718882059031, 1.0069736480669871}","curveMode":4,"curveTo":"{0.78661165235168162, 0.9790790557990392}","hasCurveFrom":true,"hasCurveTo":false,"point":"{0.78661165235168162, 0.9790790557990392}"},{"_class":"curvePoint","cornerRadius":0,"curveFrom":"{1.0122038841172272, 0.95118446353109132}","curveMode":2,"curveTo":"{0.91457281117940969, 1.0069736480669871}","hasCurveFrom":true,"hasCurveTo":true,"point":"{0.96338834764831838, 0.9790790557990392}"},{"_class":"curvePoint","cornerRadius":0,"curveFrom":"{0.96338834764831838, 0.87806380134381801}","curveMode":4,"curveTo":"{1.0122038841172272, 0.90595839361176578}","hasCurveFrom":false,"hasCurveTo":true,"point":"{0.96338834764831838, 0.87806380134381801}"}]}],"hasBackgroundColor":true,"includeBackgroundColorInExport":true,"includeInCloudUpload":true,"isFlowHome":false,"presetDictionary":{},"resizesContent":true,"backgroundColor":{"_class":"color","alpha":1,"blue":0,"green":0,"red":0},"horizontalRulerData":{"_class":"rulerData","base":0,"guides":[]},"verticalRulerData":{"_class":"rulerData","base":0,"guides":[]},"includeBackgroundColorInInstance":false,"symbolID":"8D04A5CC-8886-4F2C-91B6-2365A452DDC1","changeIdentifier":1304,"overrideProperties":[{"_class":"MSImmutableOverrideProperty","canOverride":true,"overrideName":"FB61C197-8D6B-4D52-A41D-86C1F5DA73D2_layerStyle"},{"_class":"MSImmutableOverrideProperty","canOverride":true,"overrideName":"202377D1-7579-400C-8E67-C3D529D2DEFB_stringValue"}],"allowsOverrides":true},{"_class":"symbolMaster","do_objectID":"90444087-8D57-4CF8-B72D-0347915559E6","booleanOperation":-1,"isFixedToViewport":false,"isFlippedHorizontal":false,"isFlippedVertical":false,"isLocked":false,"isVisible":true,"layerListExpandedType":0,"name":"Stat","nameIsFixed":false,"resizingConstraint":63,"resizingType":0,"rotation":0,"shouldBreakMaskChain":true,"exportOptions":{"_class":"exportOptions","includedLayerIds":[],"layerOptions":0,"shouldTrim":false,"exportFormats":[]},"frame":{"_class":"rect","constrainProportions":false,"height":103,"width":263,"x":1015,"y":0},"clippingMaskMode":0,"hasClippingMask":false,"style":{"_class":"style","do_objectID":"BFAD4492-2515-42D3-8AB5-23B44AFE12D8","endMarkerType":0,"miterLimit":10,"startMarkerType":0,"windingRule":1,"blur":{"_class":"blur","isEnabled":false,"center":"{0.5, 0.5}","motionAngle":0,"radius":10,"saturation":1,"type":0},"borderOptions":{"_class":"borderOptions","isEnabled":true,"dashPattern":[],"lineCapStyle":0,"lineJoinStyle":0},"borders":[],"colorControls":{"_class":"colorControls","isEnabled":false,"brightness":0,"contrast":1,"hue":0,"saturation":1},"contextSettings":{"_class":"graphicsContextSettings","blendMode":0,"opacity":1},"fills":[],"innerShadows":[],"shadows":[]},"hasClickThrough":true,"groupLayout":{"_class":"MSImmutableFreeformGroupLayout"},"layers":[{"_class":"text","do_objectID":"598B3A41-67E8-41CE-B941-5EE94BBEAF65","booleanOperation":-1,"isFixedToViewport":false,"isFlippedHorizontal":false,"isFlippedVertical":false,"isLocked":false,"isVisible":true,"layerListExpandedType":0,"name":"Total Calories This","nameIsFixed":false,"resizingConstraint":47,"resizingType":0,"rotation":0,"shouldBreakMaskChain":false,"userInfo":{"com.animaapp.stc-sketch-plugin":{"kModelPropertiesKey":{"isAutoWidth":1}}},"exportOptions":{"_class":"exportOptions","includedLayerIds":[],"layerOptions":0,"shouldTrim":false,"exportFormats":[]},"frame":{"_class":"rect","constrainProportions":false,"height":22,"width":198,"x":65,"y":38},"clippingMaskMode":0,"hasClippingMask":false,"style":{"_class":"style","do_objectID":"E0465DBE-6293-43F0-A96C-CA9D5A8702FE","endMarkerType":0,"miterLimit":10,"startMarkerType":0,"windingRule":1,"blur":{"_class":"blur","isEnabled":false,"center":"{0.5, 0.5}","motionAngle":0,"radius":10,"saturation":1,"type":0},"borderOptions":{"_class":"borderOptions","isEnabled":true,"dashPattern":[],"lineCapStyle":0,"lineJoinStyle":0},"borders":[],"colorControls":{"_class":"colorControls","isEnabled":false,"brightness":0,"contrast":1,"hue":0,"saturation":1},"contextSettings":{"_class":"graphicsContextSettings","blendMode":0,"opacity":0.598522},"fills":[],"innerShadows":[],"shadows":[],"textStyle":{"_class":"textStyle","encodedAttributes":{"MSAttributedStringColorAttribute":{"_class":"color","alpha":1,"blue":0,"green":0,"red":0},"textStyleVerticalAlignmentKey":0,"MSAttributedStringFontAttribute":{"_class":"fontDescriptor","attributes":{"name":"AvenirNext-Medium","size":16}},"paragraphStyle":{"_class":"paragraphStyle"},"kerning":0.8222222222222221},"verticalAlignment":0}},"attributedString":{"_class":"attributedString","string":"Total Calories This Week","attributes":[{"_class":"stringAttribute","location":0,"length":24,"attributes":{"MSAttributedStringFontAttribute":{"_class":"fontDescriptor","attributes":{"name":"AvenirNext-Medium","size":16}},"MSAttributedStringColorAttribute":{"_class":"color","alpha":1,"blue":0,"green":0,"red":0},"kerning":0.8222222222222221,"textStyleVerticalAlignmentKey":0,"paragraphStyle":{"_class":"paragraphStyle"}}}]},"automaticallyDrawOnUnderlyingPath":false,"dontSynchroniseWithSymbol":false,"glyphBounds":"{{0, 3}, {197, 14}}","lineSpacingBehaviour":2,"textBehaviour":0},{"_class":"text","do_objectID":"60CEFEB7-601F-4937-954C-2815B6E56860","booleanOperation":-1,"isFixedToViewport":false,"isFlippedHorizontal":false,"isFlippedVertical":false,"isLocked":false,"isVisible":true,"layerListExpandedType":0,"name":"8,500","nameIsFixed":false,"resizingConstraint":47,"resizingType":0,"rotation":0,"shouldBreakMaskChain":false,"userInfo":{"com.animaapp.stc-sketch-plugin":{"kModelPropertiesKey":{"isAutoWidth":1}}},"exportOptions":{"_class":"exportOptions","includedLayerIds":[],"layerOptions":0,"shouldTrim":false,"exportFormats":[]},"frame":{"_class":"rect","constrainProportions":false,"height":33,"width":75,"x":65,"y":5},"clippingMaskMode":0,"hasClippingMask":false,"style":{"_class":"style","do_objectID":"98D668BE-849D-4275-ABE1-0F3749558905","endMarkerType":0,"miterLimit":10,"startMarkerType":0,"windingRule":1,"blur":{"_class":"blur","isEnabled":false,"center":"{0.5, 0.5}","motionAngle":0,"radius":10,"saturation":1,"type":0},"borderOptions":{"_class":"borderOptions","isEnabled":true,"dashPattern":[],"lineCapStyle":0,"lineJoinStyle":0},"borders":[],"colorControls":{"_class":"colorControls","isEnabled":false,"brightness":0,"contrast":1,"hue":0,"saturation":1},"contextSettings":{"_class":"graphicsContextSettings","blendMode":0,"opacity":1},"fills":[],"innerShadows":[],"shadows":[],"textStyle":{"_class":"textStyle","encodedAttributes":{"MSAttributedStringColorAttribute":{"_class":"color","alpha":1,"blue":0.2509803921568627,"green":0.615686274509804,"red":0.1019607843137255},"textStyleVerticalAlignmentKey":0,"MSAttributedStringFontAttribute":{"_class":"fontDescriptor","attributes":{"name":"AvenirNext-DemiBold","size":24}},"paragraphStyle":{"_class":"paragraphStyle"},"kerning":2.033333},"verticalAlignment":0}},"attributedString":{"_class":"attributedString","string":"8,500","attributes":[{"_class":"stringAttribute","location":0,"length":5,"attributes":{"MSAttributedStringFontAttribute":{"_class":"fontDescriptor","attributes":{"name":"AvenirNext-DemiBold","size":24}},"MSAttributedStringColorAttribute":{"_class":"color","alpha":1,"blue":0.2509803921568627,"green":0.615686274509804,"red":0.1019607843137255},"kerning":2.033333,"textStyleVerticalAlignmentKey":0,"paragraphStyle":{"_class":"paragraphStyle"}}}]},"automaticallyDrawOnUnderlyingPath":false,"dontSynchroniseWithSymbol":false,"glyphBounds":"{{1, 6}, {71, 22}}","lineSpacingBehaviour":2,"textBehaviour":0},{"_class":"group","do_objectID":"FF928146-DDBA-4E4F-932D-26A33A4EF5DF","booleanOperation":-1,"isFixedToViewport":false,"isFlippedHorizontal":false,"isFlippedVertical":false,"isLocked":false,"isVisible":true,"layerListExpandedType":0,"name":"noun_Fire_2898883","nameIsFixed":false,"resizingConstraint":63,"resizingType":0,"rotation":0,"shouldBreakMaskChain":false,"userInfo":{"com.animaapp.stc-sketch-plugin":{"kModelPropertiesKey":{"constraints":{"scaleFactor":1,"model_version":0,"aspectRatio":{"constant":103,"model_version":0,"enabled":1,"modelID":"constraint_d217b6ec-c29a-43e7-b2d4-95b65a79f679","model_class":"ADModelConstraint","multiplier":40},"modelID":"viewConstraints_650a9df1-8cf8-40a6-bd6b-90600cb468d2","model_class":"ADModelViewConstraints","automatic":1}}}},"exportOptions":{"_class":"exportOptions","includedLayerIds":[],"layerOptions":0,"shouldTrim":false,"exportFormats":[]},"frame":{"_class":"rect","constrainProportions":true,"height":103,"width":40,"x":0,"y":0},"clippingMaskMode":0,"hasClippingMask":false,"style":{"_class":"style","do_objectID":"D4DDF6B1-6101-4627-B57B-D50E2FBAC67B","endMarkerType":0,"miterLimit":10,"startMarkerType":0,"windingRule":1,"blur":{"_class":"blur","isEnabled":false,"center":"{0.5, 0.5}","motionAngle":0,"radius":10,"saturation":1,"type":0},"borderOptions":{"_class":"borderOptions","isEnabled":true,"dashPattern":[],"lineCapStyle":0,"lineJoinStyle":0},"borders":[],"colorControls":{"_class":"colorControls","isEnabled":false,"brightness":0,"contrast":1,"hue":0,"saturation":1},"contextSettings":{"_class":"graphicsContextSettings","blendMode":0,"opacity":1},"fills":[],"innerShadows":[],"shadows":[]},"hasClickThrough":false,"groupLayout":{"_class":"MSImmutableFreeformGroupLayout"},"layers":[{"_class":"shapePath","do_objectID":"40FF10EA-84ED-4F00-A9B3-C47F139D9273","booleanOperation":-1,"isFixedToViewport":false,"isFlippedHorizontal":false,"isFlippedVertical":false,"isLocked":false,"isVisible":true,"layerListExpandedType":0,"name":"Path","nameIsFixed":false,"resizingConstraint":63,"resizingType":0,"rotation":0,"shouldBreakMaskChain":false,"exportOptions":{"_class":"exportOptions","includedLayerIds":[],"layerOptions":0,"shouldTrim":false,"exportFormats":[]},"frame":{"_class":"rect","constrainProportions":false,"height":62,"width":40,"x":0,"y":0},"clippingMaskMode":0,"hasClippingMask":false,"style":{"_class":"style","do_objectID":"5B0676FD-A421-4003-8AC2-3493C40DE4AD","endMarkerType":0,"miterLimit":10,"startMarkerType":0,"windingRule":1,"blur":{"_class":"blur","isEnabled":false,"center":"{0.5, 0.5}","motionAngle":0,"radius":10,"saturation":1,"type":0},"borderOptions":{"_class":"borderOptions","isEnabled":true,"dashPattern":[],"lineCapStyle":0,"lineJoinStyle":0},"borders":[],"colorControls":{"_class":"colorControls","isEnabled":false,"brightness":0,"contrast":1,"hue":0,"saturation":1},"contextSettings":{"_class":"graphicsContextSettings","blendMode":0,"opacity":1},"fills":[{"_class":"fill","isEnabled":true,"fillType":0,"color":{"_class":"color","alpha":1,"blue":0,"green":0,"red":0},"contextSettings":{"_class":"graphicsContextSettings","blendMode":0,"opacity":1},"gradient":{"_class":"gradient","elipseLength":0,"from":"{0.5, 0}","gradientType":0,"to":"{0.5, 1}","stops":[{"_class":"gradientStop","position":0,"color":{"_class":"color","alpha":1,"blue":1,"green":1,"red":1}},{"_class":"gradientStop","position":1,"color":{"_class":"color","alpha":1,"blue":0,"green":0,"red":0}}]},"noiseIndex":0,"noiseIntensity":0,"patternFillType":1,"patternTileScale":1}],"innerShadows":[],"shadows":[]},"edited":true,"isClosed":true,"pointRadiusBehaviour":1,"points":[{"_class":"curvePoint","cornerRadius":0,"curveFrom":"{0.10372642417934197, 0.56187290969899661}","curveMode":4,"curveTo":"{-0.072618341240558382, 0.68561872909698995}","hasCurveFrom":true,"hasCurveTo":true,"point":"{0.088166591936409577, 0.49498327759197325}"},{"_class":"curvePoint","cornerRadius":0,"curveFrom":"{0.12447286716991847, 0.50836120401337792}","curveMode":4,"curveTo":"{0.145219310160495, 0.62207357859531776}","hasCurveFrom":true,"hasCurveTo":true,"point":"{0.25932474660866578, 0.65886287625418061}"},{"_class":"curvePoint","cornerRadius":0,"curveFrom":"{0.34231051857097183, 0.31103678929765888}","curveMode":4,"curveTo":"{0.18671219614164802, 0.35451505016722407}","hasCurveFrom":true,"hasCurveTo":true,"point":"{0.35787035081390423, 0.29096989966555181}"},{"_class":"curvePoint","cornerRadius":0,"curveFrom":"{0.50828206249558394, 0.27759197324414714}","curveMode":4,"curveTo":"{0.32156407558039535, 0.35451505016722407}","hasCurveFrom":true,"hasCurveTo":true,"point":"{0.36824357230919247, 0.37458193979933108}"},{"_class":"curvePoint","cornerRadius":0,"curveFrom":"{0.6898134386631285, 0.11036789297658862}","curveMode":4,"curveTo":"{0.54458833772909288, 0.12374581939799331}","hasCurveFrom":true,"hasCurveTo":true,"point":"{0.51346867324322809, 0}"},{"_class":"curvePoint","cornerRadius":0,"curveFrom":"{0.59645444520553415, 0.49832775919732442}","curveMode":4,"curveTo":"{0.78835904286836689, 0.26421404682274247}","hasCurveFrom":true,"hasCurveTo":true,"point":"{0.67425360642019616, 0.40133779264214048}"},{"_class":"curvePoint","cornerRadius":0,"curveFrom":"{1.0995556877270145, 0.59197324414715724}","curveMode":4,"curveTo":"{0.72093310314899328, 0.59197324414715724}","hasCurveFrom":true,"hasCurveTo":true,"point":"{0.78835904286836689, 0.40133779264214048}"},{"_class":"curvePoint","cornerRadius":0,"curveFrom":"{0.64313394193433127, 0.98662207357859533}","curveMode":4,"curveTo":"{1.0891824662317264, 0.9264214046822743}","hasCurveFrom":true,"hasCurveTo":true,"point":"{0.61201427744846648, 1}"},{"_class":"curvePoint","cornerRadius":0,"curveFrom":"{0.68462682791548435, 0.77591973244147161}","curveMode":4,"curveTo":"{0.89727786856889358, 0.83277591973244147}","hasCurveFrom":true,"hasCurveTo":true,"point":"{0.65350716342961956, 0.6387959866220736}"},{"_class":"curvePoint","cornerRadius":0,"curveFrom":"{0.36824357230919247, 0.75919732441471577}","curveMode":4,"curveTo":"{0.50828206249558394, 0.79933110367892979}","hasCurveFrom":true,"hasCurveTo":true,"point":"{0.50828206249558394, 0.90301003344481601}"},{"_class":"curvePoint","cornerRadius":0,"curveFrom":"{0.50828206249558394, 0.71906354515050164}","curveMode":4,"curveTo":"{0.69500004941077265, 0.7558528428093646}","hasCurveFrom":true,"hasCurveTo":true,"point":"{0.44604273352385443, 0.5418060200668896}"},{"_class":"curvePoint","cornerRadius":0,"curveFrom":"{-0.03631206600704949, 0.93979933110367897}","curveMode":4,"curveTo":"{0.10372642417934197, 0.78929765886287628}","hasCurveFrom":true,"hasCurveTo":true,"point":"{0.38899001529976901, 0.99665551839464883}"}]},{"_class":"text","do_objectID":"3EFAB26D-7DAC-42B3-819D-002FFE36ABBC","booleanOperation":-1,"isFixedToViewport":false,"isFlippedHorizontal":false,"isFlippedVertical":false,"isLocked":false,"isVisible":true,"layerListExpandedType":0,"name":"Created by Aisyah","nameIsFixed":false,"resizingConstraint":47,"resizingType":0,"rotation":0,"shouldBreakMaskChain":false,"userInfo":{"com.animaapp.stc-sketch-plugin":{"kModelPropertiesKey":{"isAutoWidth":0}}},"exportOptions":{"_class":"exportOptions","includedLayerIds":[],"layerOptions":0,"shouldTrim":false,"exportFormats":[]},"frame":{"_class":"rect","constrainProportions":false,"height":36,"width":9,"x":0,"y":60},"clippingMaskMode":0,"hasClippingMask":false,"style":{"_class":"style","do_objectID":"EA899680-F5D0-402A-9848-BE4D165EA360","endMarkerType":0,"miterLimit":10,"startMarkerType":0,"windingRule":1,"blur":{"_class":"blur","isEnabled":false,"center":"{0.5, 0.5}","motionAngle":0,"radius":10,"saturation":1,"type":0},"borderOptions":{"_class":"borderOptions","isEnabled":true,"dashPattern":[],"lineCapStyle":0,"lineJoinStyle":0},"borders":[],"colorControls":{"_class":"colorControls","isEnabled":false,"brightness":0,"contrast":1,"hue":0,"saturation":1},"contextSettings":{"_class":"graphicsContextSettings","blendMode":0,"opacity":0},"fills":[{"_class":"fill","isEnabled":true,"fillType":0,"color":{"_class":"color","alpha":1,"blue":0,"green":0,"red":0},"contextSettings":{"_class":"graphicsContextSettings","blendMode":0,"opacity":1},"gradient":{"_class":"gradient","elipseLength":0,"from":"{0.5, 0}","gradientType":0,"to":"{0.5, 1}","stops":[{"_class":"gradientStop","position":0,"color":{"_class":"color","alpha":1,"blue":1,"green":1,"red":1}},{"_class":"gradientStop","position":1,"color":{"_class":"color","alpha":1,"blue":0,"green":0,"red":0}}]},"noiseIndex":0,"noiseIntensity":0,"patternFillType":1,"patternTileScale":1}],"innerShadows":[],"shadows":[],"textStyle":{"_class":"textStyle","encodedAttributes":{"MSAttributedStringFontAttribute":{"_class":"fontDescriptor","attributes":{"name":"Helvetica-Bold","size":5}},"ligature":0},"verticalAlignment":0}},"attributedString":{"_class":"attributedString","string":"Created by Aisyah","attributes":[{"_class":"stringAttribute","location":0,"length":17,"attributes":{"MSAttributedStringFontAttribute":{"_class":"fontDescriptor","attributes":{"name":"Helvetica-Bold","size":5}},"ligature":0}}]},"automaticallyDrawOnUnderlyingPath":false,"dontSynchroniseWithSymbol":false,"glyphBounds":"{{0, 1}, {9, 36}}","lineSpacingBehaviour":1,"textBehaviour":1},{"_class":"text","do_objectID":"F225AFBD-5F63-4D44-B6F6-C5812F420745","booleanOperation":-1,"isFixedToViewport":false,"isFlippedHorizontal":false,"isFlippedVertical":false,"isLocked":false,"isVisible":true,"layerListExpandedType":0,"name":"from the Noun Project","nameIsFixed":false,"resizingConstraint":47,"resizingType":0,"rotation":0,"shouldBreakMaskChain":false,"userInfo":{"com.animaapp.stc-sketch-plugin":{"kModelPropertiesKey":{"isAutoWidth":0}}},"exportOptions":{"_class":"exportOptions","includedLayerIds":[],"layerOptions":0,"shouldTrim":false,"exportFormats":[]},"frame":{"_class":"rect","constrainProportions":false,"height":42,"width":11,"x":0,"y":61},"clippingMaskMode":0,"hasClippingMask":false,"style":{"_class":"style","do_objectID":"24FF1EF7-54D8-4860-8039-C3467B67945D","endMarkerType":0,"miterLimit":10,"startMarkerType":0,"windingRule":1,"blur":{"_class":"blur","isEnabled":false,"center":"{0.5, 0.5}","motionAngle":0,"radius":10,"saturation":1,"type":0},"borderOptions":{"_class":"borderOptions","isEnabled":true,"dashPattern":[],"lineCapStyle":0,"lineJoinStyle":0},"borders":[],"colorControls":{"_class":"colorControls","isEnabled":false,"brightness":0,"contrast":1,"hue":0,"saturation":1},"contextSettings":{"_class":"graphicsContextSettings","blendMode":0,"opacity":0},"fills":[{"_class":"fill","isEnabled":true,"fillType":0,"color":{"_class":"color","alpha":1,"blue":0,"green":0,"red":0},"contextSettings":{"_class":"graphicsContextSettings","blendMode":0,"opacity":1},"gradient":{"_class":"gradient","elipseLength":0,"from":"{0.5, 0}","gradientType":0,"to":"{0.5, 1}","stops":[{"_class":"gradientStop","position":0,"color":{"_class":"color","alpha":1,"blue":1,"green":1,"red":1}},{"_class":"gradientStop","position":1,"color":{"_class":"color","alpha":1,"blue":0,"green":0,"red":0}}]},"noiseIndex":0,"noiseIntensity":0,"patternFillType":1,"patternTileScale":1}],"innerShadows":[],"shadows":[],"textStyle":{"_class":"textStyle","encodedAttributes":{"MSAttributedStringFontAttribute":{"_class":"fontDescriptor","attributes":{"name":"Helvetica-Bold","size":5}},"ligature":0},"verticalAlignment":0}},"attributedString":{"_class":"attributedString","string":"from the Noun Project","attributes":[{"_class":"stringAttribute","location":0,"length":21,"attributes":{"MSAttributedStringFontAttribute":{"_class":"fontDescriptor","attributes":{"name":"Helvetica-Bold","size":5}},"ligature":0}}]},"automaticallyDrawOnUnderlyingPath":false,"dontSynchroniseWithSymbol":false,"glyphBounds":"{{0, 1}, {10, 41}}","lineSpacingBehaviour":1,"textBehaviour":1}]}],"hasBackgroundColor":false,"includeBackgroundColorInExport":true,"includeInCloudUpload":true,"isFlowHome":false,"presetDictionary":{},"resizesContent":false,"backgroundColor":{"_class":"color","alpha":1,"blue":1,"green":1,"red":1},"horizontalRulerData":{"_class":"rulerData","base":0,"guides":[]},"verticalRulerData":{"_class":"rulerData","base":0,"guides":[]},"includeBackgroundColorInInstance":false,"symbolID":"12AABB15-0215-42FE-8ACF-B01F4AE3BEE1","changeIdentifier":5,"overrideProperties":[],"allowsOverrides":true}],"includeInCloudUpload":true,"horizontalRulerData":{"_class":"rulerData","base":-207,"guides":[]},"verticalRulerData":{"_class":"rulerData","base":-308,"guides":[]}}