{"commit":"6896e2bfdb0a2a03f745e4054a8c5fc58565f9f1","pagesAndArtboards":{"C0A26D7C-67F8-41CF-8B44-FEE9C17D5661":{"name":"Page 1","artboards":{"1A6260E9-94A5-4F5F-8603-2EF810503761":{"name":"Loading"},"A78B860B-8BB3-412B-A706-481E1BE94AA1":{"name":"Onboarding-1"},"90067960-A2C5-488B-8516-53795FCEDA3B":{"name":"Onboarding-2"},"1BFD6619-50DA-455C-AE1A-A2894489192F":{"name":"Saved"},"0FDAC67D-7D6D-41DE-8EDE-2A228B275BBB":{"name":"Recipe"},"564F83B1-980F-46D1-97C1-782357CED548":{"name":"Browse"},"F68D037B-B69A-49C8-B177-BD9167FFBC3D":{"name":"Rewards"},"CC5E3223-FB8F-4465-9C7E-5D1413F57372":{"name":"Health"},"D7D8F762-2A1C-43A0-B195-EDACF430706E":{"name":"Recommendations"}}},"11816142-B861-43C2-8CE0-1FEBA707C22F":{"name":"Symbols","artboards":{"BA844654-0C0A-4420-93C9-6E9D1ED8017D":{"name":"Overrides\/Navigation Bar\/Left\/Back"},"90444087-8D57-4CF8-B72D-0347915559E6":{"name":"Stat"},"4431713F-9FB7-47A7-8B72-7B273E076D23":{"name":"Cards"},"F1D6A555-5F1C-4CAD-8478-EB2140F1FB1B":{"name":"arrow-left"},"ED9DBEE1-5B31-4208-BAF2-0A486772E86F":{"name":"Recipe Card"},"169E5B1D-4170-4218-A6D4-51597D31FB23":{"name":"COLOR\/ black"}}}},"version":123,"fonts":["AvenirNext-Bold","SFProText-Regular","Avenir-Medium","AvenirNext-Medium","AvenirNext-DemiBold","Helvetica-Bold","AvenirNext-Regular"],"compatibilityVersion":99,"app":"com.bohemiancoding.sketch3","autosaved":0,"variant":"NONAPPSTORE","created":{"commit":"6896e2bfdb0a2a03f745e4054a8c5fc58565f9f1","appVersion":"63.1","build":92452,"app":"com.bohemiancoding.sketch3","compatibilityVersion":99,"version":123,"variant":"NONAPPSTORE"},"saveHistory":["NONAPPSTORE.92452"],"appVersion":"63.1","build":92452}