{"document":{"expandedLayerStylePathsInPopover":["\/CD0B5436-6538-4AE3-B7FC-75D36572F2C0:Apple iOS UI:4","\/29CFB958-0B44-4EB7-ACB5-BA6CDE682555:Elements UI Kit:4"],"cloudShare":{"name":"Plate - Hack the Globe","viewerCanUpdate":0,"id":"add64724-8048-4964-ac93-939f4b3ac6d3","publicUrl":"https:\/\/sketch.cloud\/s\/vM453","libraryEnabled":0,"updatedAt":"2020-03-14T15:17:43.549Z","createdAt":"2020-03-14T15:17:43.549Z","isPrivate":1,"shortId":"vM453"},"pageListCollapsed":0,"pageListHeight":85,"libraryListCollapsed":0,"expandedTextStylePathsInPopover":["\/29CFB958-0B44-4EB7-ACB5-BA6CDE682555:Elements UI Kit:4","\/CD0B5436-6538-4AE3-B7FC-75D36572F2C0:Apple iOS UI:4"],"exportableLayerSelection":["A78B860B-8BB3-412B-A706-481E1BE94AA1","90067960-A2C5-488B-8516-53795FCEDA3B","564F83B1-980F-46D1-97C1-782357CED548","1BFD6619-50DA-455C-AE1A-A2894489192F","F68D037B-B69A-49C8-B177-BD9167FFBC3D","CC5E3223-FB8F-4465-9C7E-5D1413F57372","D7D8F762-2A1C-43A0-B195-EDACF430706E","0FDAC67D-7D6D-41DE-8EDE-2A228B275BBB"],"expandedSymbolPathsInPopover":["\/E62C9D08-887B-47AA-9F5B-9199A4AC16A3:Plate - Hack the Globe.sketchcloud:document"]},"C0A26D7C-67F8-41CF-8B44-FEE9C17D5661":{"scrollOrigin":"{112, 85}","zoomValue":0.2235448257792987},"11816142-B861-43C2-8CE0-1FEBA707C22F":{"scrollOrigin":"{121.78863480498482, 121.6454190433804}","zoomValue":0.8063027339692288}}