{"0":{"_class":"MSAttributedStringKey","size":"{54, 18}","string":{"_class":"attributedString","string":"9:41","attributes":[{"_class":"stringAttribute","location":0,"length":4,"attributes":{"MSAttributedStringFontAttribute":{"_class":"fontDescriptor","attributes":{"name":"SFProText-Semibold","size":15}},"MSAttributedStringColorAttribute":{"_class":"color","alpha":1,"blue":0,"green":0,"red":0},"paragraphStyle":{"_class":"paragraphStyle","alignment":2},"kerning":-0.3}}]}},"2":{"_class":"MSAttributedStringKey","size":"{38, 20}","string":{"_class":"attributedString","string":"Back","attributes":[{"_class":"stringAttribute","location":0,"length":4,"attributes":{"MSAttributedStringFontAttribute":{"_class":"fontDescriptor","attributes":{"name":"SFProText-Regular","size":17}},"MSAttributedStringColorAttribute":{"_class":"color","alpha":1,"blue":1,"green":1,"red":1},"paragraphStyle":{"_class":"paragraphStyle","allowsDefaultTighteningForTruncation":0},"kerning":-0.4099999964237213}}]}},"1":{"_class":"MSAttributedStringKey","size":"{38, 20}","string":{"_class":"attributedString","string":"Back","attributes":[{"_class":"stringAttribute","location":0,"length":4,"attributes":{"MSAttributedStringFontAttribute":{"_class":"fontDescriptor","attributes":{"name":"SFProText-Regular","size":17}},"MSAttributedStringColorAttribute":{"_class":"color","alpha":1,"blue":1,"green":1,"red":1},"paragraphStyle":{"_class":"paragraphStyle","allowsDefaultTighteningForTruncation":0},"kerning":-0.4099999964237213}}]}},"frames":{"202377D1-7579-400C-8E67-C3D529D2DEFB":{"_class":"NSValue","type":"rect","value":"{26, 12, 38, 20}"},"ADF46524-EA0C-4AC2-8F15-3411AD567FCB":{"_class":"NSValue","type":"rect","value":"{17, 1, 38, 20}"},"AA387AF6-1C2F-4990-A708-2EE4309E9E6F\/2B8300FC-14EF-4AF5-9C72-08C5060C10B9_stringValue (9:41)":{"_class":"NSValue","type":"rect","value":"{0, 7, 54, 18}"}}}